{
    "name": "TransistorNoiseSource",
    "version": "0.2.0",
    "keywords": "TransistorNoiseSource"
    "description": "Transisitor noise source for the Arduino Cryptography Library",
    "authors":
    {
        "name": "Rhys Weatherley",
        "email": "rhys.weatherley@gmail.com",
        "url": "https://rweather.github.io/arduinolibs/crypto.html"
    },
    "export": {
      "include": "libraries/TransistorNoiseSource"
    },
    "repository":
    {
        "type": "git",
        "url": "https://github.com/rweather/arduinolibs.git"
    },
    "frameworks": "arduino",
    "platforms": "*"
}
